"","date","tweet_count"
"1",2018-01-08,69000
"2",2018-01-09,2e+05
"3",2018-01-10,163000
"4",2018-01-11,210000
"5",2018-01-12,256000
"6",2018-01-13,185000
"7",2018-01-14,147000
"8",2018-01-15,119000
"9",2018-01-16,169000
"10",2018-01-17,176000
"11",2018-01-18,209000
"12",2018-01-19,179000
"13",2018-01-20,274000
"14",2018-01-21,124000
"15",2018-01-22,185000
"16",2018-01-23,110000
"17",2018-01-24,109000
"18",2018-01-25,86000
"19",2018-01-26,49000
"20",2018-01-27,NA
"21",2018-01-28,NA
"22",2018-01-29,NA
"23",2018-01-30,NA
"24",2018-01-31,194000
"25",2018-02-01,197000
"26",2018-02-02,163000
"27",2018-02-03,73000
"28",2018-02-04,98000
"29",2018-02-05,210000
"30",2018-02-06,215000
"31",2018-02-07,157000
"32",2018-02-08,156000
"33",2018-02-09,104000
"34",2018-02-10,117000
"35",2018-02-11,85000
"36",2018-02-12,127000
"37",2018-02-13,135000
"38",2018-02-14,NA
"39",2018-02-15,NA
"40",2018-02-16,NA
"41",2018-02-17,NA
"42",2018-02-18,NA
"43",2018-02-19,NA
"44",2018-02-20,NA
"45",2018-02-21,NA
"46",2018-02-22,NA
"47",2018-02-23,NA
"48",2018-02-24,NA
"49",2018-02-25,NA
"50",2018-02-26,NA
"51",2018-02-27,NA
"52",2018-02-28,NA
"53",2018-03-01,NA
"54",2018-03-02,NA
"55",2018-03-03,NA
"56",2018-03-04,NA
"57",2018-03-05,NA
"58",2018-03-06,NA
"59",2018-03-07,NA
"60",2018-03-08,NA
"61",2018-03-09,NA
"62",2018-03-10,NA
"63",2018-03-11,NA
"64",2018-03-12,NA
"65",2018-03-13,NA
"66",2018-03-14,NA
"67",2018-03-15,NA
"68",2018-03-16,NA
"69",2018-03-17,NA
"70",2018-03-18,NA
"71",2018-03-19,NA
"72",2018-03-20,NA
"73",2018-03-21,NA
"74",2018-03-22,NA
"75",2018-03-23,NA
"76",2018-03-24,NA
"77",2018-03-25,NA
"78",2018-03-26,NA
"79",2018-03-27,NA
"80",2018-03-28,NA
"81",2018-03-29,NA
"82",2018-03-30,NA
"83",2018-03-31,NA
"84",2018-04-01,NA
"85",2018-04-02,NA
"86",2018-04-03,NA
"87",2018-04-04,NA
"88",2018-04-05,NA
"89",2018-04-06,NA
"90",2018-04-07,52000
"91",2018-04-08,110000
"92",2018-04-09,164000
"93",2018-04-10,148000
"94",2018-04-11,129000
"95",2018-04-12,2e+05
"96",2018-04-13,150000
"97",2018-04-14,65000
"98",2018-04-15,62000
"99",2018-04-16,83000
"100",2018-04-17,88000
"101",2018-04-18,146000
"102",2018-04-19,80000
"103",2018-04-20,59000
"104",2018-04-21,49000
"105",2018-04-22,37000
"106",2018-04-23,103000
"107",2018-04-24,90000
"108",2018-04-25,141000
"109",2018-04-26,126000
"110",2018-04-27,122000
"111",2018-04-28,58000
"112",2018-04-29,65000
"113",2018-04-30,54000
"114",2018-05-01,96000
"115",2018-05-02,86000
"116",2018-05-03,105000
"117",2018-05-04,182000
"118",2018-05-05,122000
"119",2018-05-06,107000
"120",2018-05-07,152000
"121",2018-05-08,162000
"122",2018-05-09,95000
"123",2018-05-10,58000
"124",2018-05-11,88000
"125",2018-05-12,176000
"126",2018-05-13,102000
"127",2018-05-14,149000
"128",2018-05-15,140000
"129",2018-05-16,122000
"130",2018-05-17,105000
"131",2018-05-18,102000
"132",2018-05-19,103000
"133",2018-05-20,103000
"134",2018-05-21,150000
"135",2018-05-22,178000
"136",2018-05-23,149000
"137",2018-05-24,125000
"138",2018-05-25,122000
"139",2018-05-26,84000
"140",2018-05-27,63000
"141",2018-05-28,85000
"142",2018-05-29,96000
"143",2018-05-30,110000
"144",2018-05-31,63000
"145",2018-06-01,104000
"146",2018-06-02,132000
"147",2018-06-03,84000
"148",2018-06-04,56000
"149",2018-06-05,202000
"150",2018-06-06,127000
"151",2018-06-07,146000
"152",2018-06-08,69000
"153",2018-06-09,86000
"154",2018-06-10,78000
"155",2018-06-11,41000
"156",2018-06-12,86000
"157",2018-06-13,68000
"158",2018-06-14,224000
"159",2018-06-15,196000
"160",2018-06-16,73000
"161",2018-06-17,25000
"162",2018-06-18,88000
"163",2018-06-19,44000
"164",2018-06-20,23000
"165",2018-06-21,42000
"166",2018-06-22,32000
"167",2018-06-23,21000
"168",2018-06-24,40000
"169",2018-06-25,54000
"170",2018-06-26,31000
"171",2018-06-27,62000
"172",2018-06-28,48000
"173",2018-06-29,28000
"174",2018-06-30,25000
"175",2018-07-01,39000
"176",2018-07-02,72000
"177",2018-07-03,77000
"178",2018-07-04,61000
"179",2018-07-05,45000
"180",2018-07-06,31000
"181",2018-07-07,22000
"182",2018-07-08,85000
"183",2018-07-09,60000
"184",2018-07-10,75000
"185",2018-07-11,59000
"186",2018-07-12,34000
"187",2018-07-13,26000
"188",2018-07-14,25000
"189",2018-07-15,26000
"190",2018-07-16,33000
"191",2018-07-17,142000
"192",2018-07-18,131000
"193",2018-07-19,67000
"194",2018-07-20,28000
"195",2018-07-21,69000
"196",2018-07-22,54000
"197",2018-07-23,47000
"198",2018-07-24,89000
"199",2018-07-25,87000
"200",2018-07-26,68000
"201",2018-07-27,83000
"202",2018-07-28,51000
"203",2018-07-29,55000
"204",2018-07-30,70000
"205",2018-07-31,61000
"206",2018-08-01,64000
"207",2018-08-02,140000
"208",2018-08-03,105000
"209",2018-08-04,69000
"210",2018-08-05,82000
"211",2018-08-06,107000
"212",2018-08-07,77000
"213",2018-08-08,98000
"214",2018-08-09,59000
"215",2018-08-10,75000
"216",2018-08-11,92000
"217",2018-08-12,86000
"218",2018-08-13,47000
"219",2018-08-14,73000
"220",2018-08-15,92000
"221",2018-08-16,91000
"222",2018-08-17,73000
"223",2018-08-18,98000
"224",2018-08-19,55000
"225",2018-08-20,70000
"226",2018-08-21,81000
"227",2018-08-22,61000
"228",2018-08-23,65000
"229",2018-08-24,169000
"230",2018-08-25,117000
"231",2018-08-26,67000
"232",2018-08-27,79000
"233",2018-08-28,43000
"234",2018-08-29,138000
"235",2018-08-30,115000
"236",2018-08-31,40000
"237",2018-09-01,39000
"238",2018-09-02,39000
"239",2018-09-03,36000
"240",2018-09-04,34000
"241",2018-09-05,30000
"242",2018-09-06,76000
"243",2018-09-07,73000
"244",2018-09-08,48000
"245",2018-09-09,44000
"246",2018-09-10,48000
"247",2018-09-11,23000
"248",2018-09-12,99000
"249",2018-09-13,87000
"250",2018-09-14,71000
"251",2018-09-15,33000
"252",2018-09-16,47000
"253",2018-09-17,31000
"254",2018-09-18,32000
"255",2018-09-19,43000
"256",2018-09-20,105000
"257",2018-09-21,142000
"258",2018-09-22,92000
"259",2018-09-23,92000
"260",2018-09-24,75000
"261",2018-09-25,109000
"262",2018-09-26,84000
"263",2018-09-27,53000
"264",2018-09-28,46000
"265",2018-09-29,41000
"266",2018-09-30,38000
"267",2018-10-01,33000
"268",2018-10-02,40000
"269",2018-10-03,46000
"270",2018-10-04,91000
"271",2018-10-05,122000
"272",2018-10-06,99000
"273",2018-10-07,17000
"274",2018-10-08,60000
"275",2018-10-09,85000
"276",2018-10-10,145000
"277",2018-10-11,135000
"278",2018-10-12,137000
"279",2018-10-13,70000
"280",2018-10-14,42000
"281",2018-10-15,39000
"282",2018-10-16,288000
"283",2018-10-17,203000
"284",2018-10-18,150000
"285",2018-10-19,73000
"286",2018-10-20,28000
"287",2018-10-21,43000
"288",2018-10-22,47000
"289",2018-10-23,645000
"290",2018-10-24,181000
"291",2018-10-25,67000
"292",2018-10-26,57000
"293",2018-10-27,89000
"294",2018-10-28,65000
"295",2018-10-29,49000
"296",2018-10-30,77000
"297",2018-10-31,30000
"298",2018-11-01,32000
"299",2018-11-02,12000
"300",2018-11-03,15000
"301",2018-11-04,42000
"302",2018-11-05,42000
"303",2018-11-06,55000
"304",2018-11-07,95000
"305",2018-11-08,101000
"306",2018-11-09,33000
"307",2018-11-10,36000
"308",2018-11-11,43000
"309",2018-11-12,27000
"310",2018-11-13,22000
"311",2018-11-14,59000
"312",2018-11-15,35000
"313",2018-11-16,63000
"314",2018-11-17,33000
"315",2018-11-18,31000
"316",2018-11-19,22000
"317",2018-11-20,44000
"318",2018-11-21,25000
"319",2018-11-22,48000
"320",2018-11-23,25000
"321",2018-11-24,45000
"322",2018-11-25,36000
"323",2018-11-26,45000
"324",2018-11-27,19000
"325",2018-11-28,22000
"326",2018-11-29,27000
"327",2018-11-30,53000
"328",2018-12-01,46000
"329",2018-12-02,48000
"330",2018-12-03,43000
"331",2018-12-04,19000
"332",2018-12-05,128000
"333",2018-12-06,NA
"334",2018-12-07,27000
"335",2018-12-08,25000
"336",2018-12-09,15000
"337",2018-12-10,33000
"338",2018-12-11,37000
"339",2018-12-12,38000
"340",2018-12-13,31000
"341",2018-12-14,73000
"342",2018-12-15,31000
"343",2018-12-16,31000
"344",2018-12-17,43000
"345",2018-12-18,30000
"346",2018-12-19,50000
"347",2018-12-20,30000
"348",2018-12-21,23000
"349",2018-12-22,17000
"350",2018-12-23,7000
"351",2018-12-24,26000
"352",2018-12-25,18000
"353",2018-12-26,33000
"354",2018-12-27,24000
"355",2018-12-28,61000
"356",2018-12-29,28000
"357",2018-12-30,58000
"358",2018-12-31,30000
"359",2019-01-01,26000
"360",2019-01-02,35000
"361",2019-01-03,36000
"362",2019-01-04,26000
"363",2019-01-05,46000
"364",2019-01-06,67000
"365",2019-01-07,23000
"366",2019-01-08,26000
"367",2019-01-09,19000
"368",2019-01-10,34000
"369",2019-01-11,38000
"370",2019-01-12,46000
"371",2019-01-13,22000
"372",2019-01-14,79000
"373",2019-01-15,33000
"374",2019-01-16,27000
"375",2019-01-17,85000
"376",2019-01-18,43000
"377",2019-01-19,21000
"378",2019-01-20,16000
"379",2019-01-21,25000
"380",2019-01-22,41000
"381",2019-01-23,43000
"382",2019-01-24,17000
"383",2019-01-25,11000
"384",2019-01-26,43000
"385",2019-01-27,17000
"386",2019-01-28,20000
"387",2019-01-29,40000
"388",2019-01-30,26000
"389",2019-01-31,30000
"390",2019-02-01,35000
"391",2019-02-02,16000
"392",2019-02-03,19000
"393",2019-02-04,19000
"394",2019-02-05,24000
"395",2019-02-06,70000
"396",2019-02-07,48000
"397",2019-02-08,69000
"398",2019-02-09,56000
"399",2019-02-10,42000
"400",2019-02-11,76000
"401",2019-02-12,55000
"402",2019-02-13,80000
"403",2019-02-14,110000
"404",2019-02-15,91000
"405",2019-02-16,52000
"406",2019-02-17,54000
"407",2019-02-18,64000
"408",2019-02-19,53000
"409",2019-02-20,69000
"410",2019-02-21,62000
"411",2019-02-22,47000
"412",2019-02-23,42000
"413",2019-02-24,29000
"414",2019-02-25,99000
"415",2019-02-26,67000
"416",2019-02-27,79000
"417",2019-02-28,56000
"418",2019-03-01,51000
"419",2019-03-02,31000
"420",2019-03-03,36000
"421",2019-03-04,47000
"422",2019-03-05,43000
"423",2019-03-06,35000
"424",2019-03-07,61000
"425",2019-03-08,67000
"426",2019-03-09,37000
"427",2019-03-10,33000
"428",2019-03-11,43000
"429",2019-03-12,81000
"430",2019-03-13,67000
"431",2019-03-14,103000
"432",2019-03-15,61000
"433",2019-03-16,39000
"434",2019-03-17,31000
"435",2019-03-18,34000
"436",2019-03-19,45000
"437",2019-03-20,49000
"438",2019-03-21,38000
"439",2019-03-22,55000
"440",2019-03-23,46000
"441",2019-03-24,43000
"442",2019-03-25,63000
"443",2019-03-26,76000
"444",2019-03-27,63000
"445",2019-03-28,50000
"446",2019-03-29,68000
"447",2019-03-30,39000
"448",2019-03-31,50000
"449",2019-04-01,64000
"450",2019-04-02,49000
"451",2019-04-03,39000
"452",2019-04-04,36000
"453",2019-04-05,35000
"454",2019-04-06,35000
"455",2019-04-07,32000
"456",2019-04-08,46000
"457",2019-04-09,44000
"458",2019-04-10,41000
"459",2019-04-11,50000
"460",2019-04-12,54000
"461",2019-04-13,56000
"462",2019-04-14,50000
"463",2019-04-15,54000
"464",2019-04-16,39000
"465",2019-04-17,47000
"466",2019-04-18,50000
"467",2019-04-19,43000
"468",2019-04-20,44000
"469",2019-04-21,29000
"470",2019-04-22,37000
"471",2019-04-23,54000
"472",2019-04-24,71000
"473",2019-04-25,84000
"474",2019-04-26,91000
"475",2019-04-27,34000
"476",2019-04-28,45000
"477",2019-04-29,47000
"478",2019-04-30,36000
"479",2019-05-01,123000
"480",2019-05-02,58000
"481",2019-05-03,42000
"482",2019-05-04,63000
"483",2019-05-05,60000
"484",2019-05-06,74000
"485",2019-05-07,59000
"486",2019-05-08,102000
"487",2019-05-09,96000
"488",2019-05-10,67000
"489",2019-05-11,49000
"490",2019-05-12,35000
"491",2019-05-13,60000
"492",2019-05-14,94000
"493",2019-05-15,104000
"494",2019-05-16,59000
"495",2019-05-17,62000
"496",2019-05-18,72000
"497",2019-05-19,54000
"498",2019-05-20,56000
"499",2019-05-21,50000
"500",2019-05-22,46000
"501",2019-05-23,56000
"502",2019-05-24,64000
"503",2019-05-25,47000
"504",2019-05-26,45000
"505",2019-05-27,58000
"506",2019-05-28,59000
"507",2019-05-29,48000
"508",2019-05-30,55000
"509",2019-05-31,44000
"510",2019-06-01,25000
"511",2019-06-02,33000
"512",2019-06-03,45000
"513",2019-06-04,39000
"514",2019-06-05,55000
"515",2019-06-06,42000
"516",2019-06-07,36000
"517",2019-06-08,30000
"518",2019-06-09,41000
"519",2019-06-10,45000
"520",2019-06-11,44000
"521",2019-06-12,39000
"522",2019-06-13,23000
"523",2019-06-14,53000
"524",2019-06-15,42000
"525",2019-06-16,29000
"526",2019-06-17,34000
"527",2019-06-18,56000
"528",2019-06-19,36000
"529",2019-06-20,50000
"530",2019-06-21,57000
"531",2019-06-22,62000
"532",2019-06-23,95000
"533",2019-06-24,115000
"534",2019-06-25,46000
"535",2019-06-26,83000
"536",2019-06-27,105000
"537",2019-06-28,40000
"538",2019-06-29,48000
"539",2019-06-30,42000
"540",2019-07-01,43000
"541",2019-07-02,39000
"542",2019-07-03,44000
"543",2019-07-04,48000
"544",2019-07-05,42000
"545",2019-07-06,54000
"546",2019-07-07,61000
"547",2019-07-08,51000
"548",2019-07-09,77000
"549",2019-07-10,87000
"550",2019-07-11,53000
"551",2019-07-12,45000
"552",2019-07-13,43000
"553",2019-07-14,35000
"554",2019-07-15,60000
"555",2019-07-16,65000
"556",2019-07-17,59000
"557",2019-07-18,76000
"558",2019-07-19,83000
"559",2019-07-20,57000
"560",2019-07-21,56000
"561",2019-07-22,65000
"562",2019-07-23,48000
"563",2019-07-24,41000
"564",2019-07-25,65000
"565",2019-07-26,69000
"566",2019-07-27,59000
"567",2019-07-28,63000
"568",2019-07-29,65000
"569",2019-07-30,42000
"570",2019-07-31,48000
"571",2019-08-01,68000
"572",2019-08-02,110000
"573",2019-08-03,73000
"574",2019-08-04,41000
"575",2019-08-05,101000
"576",2019-08-06,127000
"577",2019-08-07,78000
"578",2019-08-08,52000
"579",2019-08-09,60000
"580",2019-08-10,33000
"581",2019-08-11,41000
"582",2019-08-12,38000
"583",2019-08-13,58000
"584",2019-08-14,62000
"585",2019-08-15,60000
"586",2019-08-16,38000
"587",2019-08-17,46000
"588",2019-08-18,54000
"589",2019-08-19,63000
"590",2019-08-20,53000
"591",2019-08-21,41000
"592",2019-08-22,63000
"593",2019-08-23,59000
"594",2019-08-24,35000
"595",2019-08-25,29000
"596",2019-08-26,48000
"597",2019-08-27,66000
"598",2019-08-28,112000
"599",2019-08-29,77000
"600",2019-08-30,67000
"601",2019-08-31,39000
"602",2019-09-01,66000
"603",2019-09-02,48000
"604",2019-09-03,36000
"605",2019-09-04,36000
"606",2019-09-05,65000
"607",2019-09-06,47000
"608",2019-09-07,44000
"609",2019-09-08,43000
"610",2019-09-09,60000
"611",2019-09-10,48000
"612",2019-09-11,44000
"613",2019-09-12,50000
"614",2019-09-13,90000
"615",2019-09-14,40000
"616",2019-09-15,30000
"617",2019-09-16,58000
"618",2019-09-17,38000
"619",2019-09-18,28000
"620",2019-09-19,31000
"621",2019-09-20,42000
"622",2019-09-21,43000
"623",2019-09-22,88000
"624",2019-09-23,55000
"625",2019-09-24,48000
"626",2019-09-25,77000
"627",2019-09-26,53000
"628",2019-09-27,63000
"629",2019-09-28,52000
"630",2019-09-29,28000
"631",2019-09-30,36000
"632",2019-10-01,33000
"633",2019-10-02,33000
"634",2019-10-03,37000
"635",2019-10-04,59000
"636",2019-10-05,39000
"637",2019-10-06,43000
"638",2019-10-07,62000
"639",2019-10-08,73000
"640",2019-10-09,57000
"641",2019-10-10,54000
"642",2019-10-11,34000
"643",2019-10-12,30000
"644",2019-10-13,40000
"645",2019-10-14,27000
"646",2019-10-15,44000
"647",2019-10-16,46000
"648",2019-10-17,41000
"649",2019-10-18,89000
"650",2019-10-19,69000
"651",2019-10-20,258000
"652",2019-10-21,367000
"653",2019-10-22,78000
"654",2019-10-23,63000
"655",2019-10-24,68000
"656",2019-10-25,54000
"657",2019-10-26,41000
"658",2019-10-27,48000
"659",2019-10-28,43000
"660",2019-10-29,71000
"661",2019-10-30,68000
"662",2019-10-31,42000
"663",2019-11-01,107000
"664",2019-11-02,74000
"665",2019-11-03,94000
"666",2019-11-04,96000
"667",2019-11-05,74000
"668",2019-11-06,73000
"669",2019-11-07,105000
"670",2019-11-08,55000
"671",2019-11-09,79000
"672",2019-11-10,53000
"673",2019-11-11,152000
"674",2019-11-12,145000
"675",2019-11-13,83000
"676",2019-11-14,73000
"677",2019-11-15,108000
"678",2019-11-16,55000
"679",2019-11-17,44000
"680",2019-11-18,53000
"681",2019-11-19,58000
"682",2019-11-20,67000
"683",2019-11-21,72000
"684",2019-11-22,79000
"685",2019-11-23,46000
"686",2019-11-24,38000
"687",2019-11-25,81000
"688",2019-11-26,57000
"689",2019-11-27,54000
"690",2019-11-28,60000
"691",2019-11-29,55000
"692",2019-11-30,40000
"693",2019-12-01,39000
"694",2019-12-02,71000
"695",2019-12-03,93000
"696",2019-12-04,44000
"697",2019-12-05,41000
"698",2019-12-06,34000
"699",2019-12-07,40000
"700",2019-12-08,44000
"701",2019-12-09,47000
"702",2019-12-10,47000
"703",2019-12-11,64000
"704",2019-12-12,61000
"705",2019-12-13,67000
"706",2019-12-14,93000
"707",2019-12-15,59000
"708",2019-12-16,86000
"709",2019-12-17,82000
"710",2019-12-18,71000
"711",2019-12-19,69000
"712",2019-12-20,68000
"713",2019-12-21,61000
"714",2019-12-22,41000
"715",2019-12-23,40000
"716",2019-12-24,28000
"717",2019-12-25,27000
"718",2019-12-26,28000
"719",2019-12-27,34000
"720",2019-12-28,35000
"721",2019-12-29,84000
"722",2019-12-30,123000
"723",2019-12-31,50000
"724",2020-01-01,44000
"725",2020-01-02,41000
"726",2020-01-03,49000
"727",2020-01-04,43000
"728",2020-01-05,44000
"729",2020-01-06,50000
"730",2020-01-07,64000
"731",2020-01-08,50000
"732",2020-01-09,45000
"733",2020-01-10,47000
"734",2020-01-11,46000
"735",2020-01-12,32000
"736",2020-01-13,54000
"737",2020-01-14,51000
"738",2020-01-15,81000
"739",2020-01-16,116000
"740",2020-01-17,82000
"741",2020-01-18,55000
"742",2020-01-19,51000
"743",2020-01-20,42000
"744",2020-01-21,43000
"745",2020-01-22,75000
"746",2020-01-23,102000
"747",2020-01-24,55000
"748",2020-01-25,61000
"749",2020-01-26,33000
"750",2020-01-27,53000
"751",2020-01-28,50000
"752",2020-01-29,39000
"753",2020-01-30,59000
"754",2020-01-31,52000
"755",2020-02-01,50000
"756",2020-02-02,44000
"757",2020-02-03,61000
"758",2020-02-04,72000
"759",2020-02-05,67000
"760",2020-02-06,61000
"761",2020-02-07,81000
"762",2020-02-08,95000
"763",2020-02-09,51000
"764",2020-02-10,85000
"765",2020-02-11,79000
"766",2020-02-12,64000
"767",2020-02-13,96000
"768",2020-02-14,46000
"769",2020-02-15,61000
"770",2020-02-16,47000
"771",2020-02-17,103000
"772",2020-02-18,78000
"773",2020-02-19,65000
"774",2020-02-20,54000
"775",2020-02-21,72000
"776",2020-02-22,49000
"777",2020-02-23,49000
"778",2020-02-24,62000
"779",2020-02-25,50000
"780",2020-02-26,54000
"781",2020-02-27,79000
"782",2020-02-28,41000
"783",2020-02-29,64000
"784",2020-03-01,39000
"785",2020-03-02,79000
"786",2020-03-03,95000
"787",2020-03-04,61000
"788",2020-03-05,76000
"789",2020-03-06,54000
"790",2020-03-07,50000
"791",2020-03-08,58000
"792",2020-03-09,70000
"793",2020-03-10,62000
"794",2020-03-11,65000
"795",2020-03-12,39000
"796",2020-03-13,93000
"797",2020-03-14,69000
"798",2020-03-15,46000
"799",2020-03-16,48000
"800",2020-03-17,65000
"801",2020-03-18,44000
"802",2020-03-19,34000
"803",2020-03-20,34000
"804",2020-03-21,31000
"805",2020-03-22,48000
"806",2020-03-23,47000
"807",2020-03-24,61000
"808",2020-03-25,51000
"809",2020-03-26,31000
"810",2020-03-27,39000
"811",2020-03-28,43000
"812",2020-03-29,38000
"813",2020-03-30,46000
"814",2020-03-31,55000
"815",2020-04-01,85000
"816",2020-04-02,60000
"817",2020-04-03,38000
"818",2020-04-04,45000
"819",2020-04-05,44000
"820",2020-04-06,39000
"821",2020-04-07,54000
"822",2020-04-08,77000
"823",2020-04-09,49000
"824",2020-04-10,75000
"825",2020-04-11,36000
"826",2020-04-12,31000
"827",2020-04-13,53000
"828",2020-04-14,39000
"829",2020-04-15,113000
"830",2020-04-16,101000
"831",2020-04-17,105000
"832",2020-04-18,41000
"833",2020-04-19,37000
"834",2020-04-20,31000
"835",2020-04-21,47000
"836",2020-04-22,45000
"837",2020-04-23,61000
"838",2020-04-24,39000
"839",2020-04-25,41000
"840",2020-04-26,34000
"841",2020-04-27,32000
"842",2020-04-28,56000
"843",2020-04-29,50000
"844",2020-04-30,66000
"845",2020-05-01,80000
"846",2020-05-02,66000
"847",2020-05-03,58000
"848",2020-05-04,52000
"849",2020-05-05,54000
"850",2020-05-06,122000
"851",2020-05-07,68000
"852",2020-05-08,62000
"853",2020-05-09,73000
"854",2020-05-10,39000
"855",2020-05-11,54000
"856",2020-05-12,45000
"857",2020-05-13,37000
"858",2020-05-14,51000
"859",2020-05-15,50000
"860",2020-05-16,56000
"861",2020-05-17,78000
"862",2020-05-18,61000
"863",2020-05-19,52000
"864",2020-05-20,86000
"865",2020-05-21,62000
"866",2020-05-22,93000
"867",2020-05-23,57000
"868",2020-05-24,63000
"869",2020-05-25,63000
"870",2020-05-26,48000
"871",2020-05-27,79000
"872",2020-05-28,73000
"873",2020-05-29,109000
"874",2020-05-30,78000
"875",2020-05-31,70000
"876",2020-06-01,49000
"877",2020-06-02,159000
"878",2020-06-03,95000
"879",2020-06-04,92000
"880",2020-06-05,81000
"881",2020-06-06,53000
"882",2020-06-07,86000
"883",2020-06-08,108000
"884",2020-06-09,91000
"885",2020-06-10,109000
"886",2020-06-11,89000
"887",2020-06-12,56000
"888",2020-06-13,66000
"889",2020-06-14,45000
"890",2020-06-15,70000
"891",2020-06-16,54000
"892",2020-06-17,40000
"893",2020-06-18,52000
"894",2020-06-19,65000
"895",2020-06-20,69000
"896",2020-06-21,43000
"897",2020-06-22,52000
"898",2020-06-23,69000
"899",2020-06-24,54000
"900",2020-06-25,53000
"901",2020-06-26,67000
"902",2020-06-27,79000
"903",2020-06-28,79000
"904",2020-06-29,80000
"905",2020-06-30,63000
"906",2020-07-01,79000
"907",2020-07-02,82000
"908",2020-07-03,53000
"909",2020-07-04,54000
"910",2020-07-05,58000
"911",2020-07-06,57000
"912",2020-07-07,65000
"913",2020-07-08,59000
"914",2020-07-09,85000
"915",2020-07-10,59000
"916",2020-07-11,90000
"917",2020-07-12,60000
"918",2020-07-13,113000
"919",2020-07-14,57000
"920",2020-07-15,74000
"921",2020-07-16,68000
"922",2020-07-17,69000
"923",2020-07-18,NA
"924",2020-07-19,49000
"925",2020-07-20,48000
"926",2020-07-21,72000
"927",2020-07-22,81000
"928",2020-07-23,65000
"929",2020-07-24,58000
"930",2020-07-25,98000
"931",2020-07-26,61000
"932",2020-07-27,114000
"933",2020-07-28,114000
"934",2020-07-29,81000
"935",2020-07-30,64000
"936",2020-07-31,77000
"937",2020-08-01,118000
"938",2020-08-02,92000
"939",2020-08-03,91000
"940",2020-08-04,74000
"941",2020-08-05,130000
"942",2020-08-06,88000
"943",2020-08-07,61000
"944",2020-08-08,78000
"945",2020-08-09,72000
"946",2020-08-10,98000
"947",2020-08-11,59000
"948",2020-08-12,98000
"949",2020-08-13,97000
"950",2020-08-14,95000
"951",2020-08-15,82000
"952",2020-08-16,56000
"953",2020-08-17,150000
"954",2020-08-18,98000
"955",2020-08-19,128000
"956",2020-08-20,82000
"957",2020-08-21,97000
"958",2020-08-22,257000
"959",2020-08-23,123000
"960",2020-08-24,135000
"961",2020-08-25,104000
"962",2020-08-26,86000
"963",2020-08-27,52000
"964",2020-08-28,71000
"965",2020-08-29,49000
"966",2020-08-30,52000
"967",2020-08-31,39000
"968",2020-09-01,47000
"969",2020-09-02,45000
"970",2020-09-03,70000
"971",2020-09-04,66000
"972",2020-09-05,122000
"973",2020-09-06,61000
"974",2020-09-07,64000
"975",2020-09-08,49000
"976",2020-09-09,51000
"977",2020-09-10,71000
"978",2020-09-11,62000
"979",2020-09-12,55000
"980",2020-09-13,68000
"981",2020-09-14,59000
"982",2020-09-15,87000
"983",2020-09-16,69000
"984",2020-09-17,49000
"985",2020-09-18,66000
"986",2020-09-19,35000
"987",2020-09-20,58000
"988",2020-09-21,55000
"989",2020-09-22,62000
"990",2020-09-23,40000
"991",2020-09-24,79000
"992",2020-09-25,87000
"993",2020-09-26,54000
"994",2020-09-27,62000
"995",2020-09-28,92000
"996",2020-09-29,70000
"997",2020-09-30,50000
"998",2020-10-01,118000
"999",2020-10-02,110000
"1000",2020-10-03,41000
"1001",2020-10-04,33000
"1002",2020-10-05,38000
"1003",2020-10-06,44000
"1004",2020-10-07,43000
"1005",2020-10-08,42000
"1006",2020-10-09,97000
"1007",2020-10-10,70000
"1008",2020-10-11,71000
"1009",2020-10-12,50000
"1010",2020-10-13,79000
"1011",2020-10-14,55000
"1012",2020-10-15,38000
"1013",2020-10-16,99000
"1014",2020-10-17,207000
"1015",2020-10-18,109000
"1016",2020-10-19,72000
"1017",2020-10-20,85000
"1018",2020-10-21,91000
"1019",2020-10-22,118000
"1020",2020-10-23,76000
"1021",2020-10-24,64000
"1022",2020-10-25,86000
"1023",2020-10-26,55000
"1024",2020-10-27,158000
"1025",2020-10-28,171000
"1026",2020-10-29,164000
"1027",2020-10-30,115000
"1028",2020-10-31,85000
"1029",2020-11-01,103000
"1030",2020-11-02,105000
"1031",2020-11-03,77000
"1032",2020-11-04,113000
"1033",2020-11-05,161000
"1034",2020-11-06,176000
"1035",2020-11-07,230000
"1036",2020-11-08,372000
"1037",2020-11-09,188000
"1038",2020-11-10,119000
"1039",2020-11-11,85000
"1040",2020-11-12,118000
"1041",2020-11-13,153000
"1042",2020-11-14,132000
"1043",2020-11-15,203000
"1044",2020-11-16,60000
"1045",2020-11-17,134000
"1046",2020-11-18,2e+05
"1047",2020-11-19,122000
"1048",2020-11-20,150000
"1049",2020-11-21,143000
"1050",2020-11-22,129000
"1051",2020-11-23,190000
"1052",2020-11-24,121000
"1053",2020-11-25,126000
"1054",2020-11-26,119000
"1055",2020-11-27,70000
"1056",2020-11-28,116000
"1057",2020-11-29,120000
"1058",2020-11-30,125000
"1059",2020-12-01,179000
"1060",2020-12-02,156000
"1061",2020-12-03,482000
"1062",2020-12-04,70000
"1063",2020-12-05,59000
"1064",2020-12-06,43000
"1065",2020-12-07,62000
"1066",2020-12-08,95000
"1067",2020-12-09,86000
"1068",2020-12-10,125000
"1069",2020-12-11,112000
"1070",2020-12-12,108000
"1071",2020-12-13,66000
"1072",2020-12-14,42000
"1073",2020-12-15,88000
"1074",2020-12-16,97000
"1075",2020-12-17,97000
"1076",2020-12-18,193000
"1077",2020-12-19,104000
"1078",2020-12-20,69000
"1079",2020-12-21,59000
"1080",2020-12-22,83000
"1081",2020-12-23,88000
"1082",2020-12-24,90000
"1083",2020-12-25,105000
"1084",2020-12-26,82000
"1085",2020-12-27,119000
"1086",2020-12-28,229000
"1087",2020-12-29,126000
"1088",2020-12-30,120000
"1089",2020-12-31,102000
"1090",2021-01-01,112000
"1091",2021-01-02,182000
"1092",2021-01-03,216000
"1093",2021-01-04,101000
"1094",2021-01-05,131000
"1095",2021-01-06,141000
"1096",2021-01-07,176000
"1097",2021-01-08,298000
"1098",2021-01-09,151000
"1099",2021-01-10,73000
"1100",2021-01-11,97000
"1101",2021-01-12,62000
"1102",2021-01-13,81000
"1103",2021-01-14,84000
"1104",2021-01-15,123000
"1105",2021-01-16,83000
"1106",2021-01-17,39000
"1107",2021-01-18,40000
"1108",2021-01-19,85000
"1109",2021-01-20,53000
"1110",2021-01-21,59000
"1111",2021-01-22,113000
"1112",2021-01-23,49000
"1113",2021-01-24,58000
"1114",2021-01-25,365000
"1115",2021-01-26,243000
"1116",2021-01-27,158000
"1117",2021-01-28,72000
"1118",2021-01-29,172000
"1119",2021-01-30,113000
"1120",2021-01-31,111000
"1121",2021-02-01,69000
"1122",2021-02-02,78000
"1123",2021-02-03,193000
"1124",2021-02-04,289000
"1125",2021-02-05,185000
"1126",2021-02-06,231000
"1127",2021-02-07,105000
"1128",2021-02-08,217000
"1129",2021-02-09,185000
"1130",2021-02-10,97000
"1131",2021-02-11,186000
"1132",2021-02-12,149000
"1133",2021-02-13,173000
"1134",2021-02-14,70000
"1135",2021-02-15,104000
"1136",2021-02-16,266000
"1137",2021-02-17,311000
"1138",2021-02-18,164000
"1139",2021-02-19,128000
"1140",2021-02-20,209000
"1141",2021-02-21,297000
"1142",2021-02-22,136000
"1143",2021-02-23,154000
"1144",2021-02-24,186000
"1145",2021-02-25,169000
"1146",2021-02-26,84000
"1147",2021-02-27,89000
"1148",2021-02-28,66000
"1149",2021-03-01,91000
"1150",2021-03-02,73000
"1151",2021-03-03,102000
"1152",2021-03-04,76000
"1153",2021-03-05,75000
"1154",2021-03-06,45000
"1155",2021-03-07,143000
"1156",2021-03-08,189000
"1157",2021-03-09,2e+05
"1158",2021-03-10,181000
"1159",2021-03-11,118000
"1160",2021-03-12,139000
"1161",2021-03-13,148000
"1162",2021-03-14,82000
"1163",2021-03-15,73000
"1164",2021-03-16,72000
"1165",2021-03-17,72000
"1166",2021-03-18,90000
"1167",2021-03-19,80000
"1168",2021-03-20,65000
"1169",2021-03-21,87000
"1170",2021-03-22,69000
"1171",2021-03-23,46000
"1172",2021-03-24,65000
"1173",2021-03-25,99000
"1174",2021-03-26,78000
"1175",2021-03-27,106000
"1176",2021-03-28,90000
"1177",2021-03-29,60000
"1178",2021-03-30,90000
"1179",2021-03-31,167000
"1180",2021-04-01,NA
"1181",2021-04-02,NA
"1182",2021-04-03,NA
"1183",2021-04-04,NA
"1184",2021-04-05,NA
"1185",2021-04-06,NA
"1186",2021-04-07,52000
"1187",2021-04-08,120000
"1188",2021-04-09,135000
"1189",2021-04-10,147000
"1190",2021-04-11,149000
"1191",2021-04-12,83000
"1192",2021-04-13,277000
"1193",2021-04-14,157000
"1194",2021-04-15,80000
"1195",2021-04-16,223000
"1196",2021-04-17,112000
"1197",2021-04-18,69000
"1198",2021-04-19,51000
"1199",2021-04-20,39000
"1200",2021-04-21,51000
"1201",2021-04-22,56000
"1202",2021-04-23,72000
"1203",2021-04-24,51000
"1204",2021-04-25,48000
"1205",2021-04-26,76000
"1206",2021-04-27,37000
"1207",2021-04-28,43000
"1208",2021-04-29,44000
"1209",2021-04-30,58000
"1210",2021-05-01,52000
"1211",2021-05-02,77000
"1212",2021-05-03,72000
"1213",2021-05-04,62000
"1214",2021-05-05,70000
"1215",2021-05-06,180000
"1216",2021-05-07,211000
"1217",2021-05-08,201000
"1218",2021-05-09,242000
"1219",2021-05-10,144000
"1220",2021-05-11,121000
"1221",2021-05-12,185000
"1222",2021-05-13,91000
"1223",2021-05-14,108000
"1224",2021-05-15,87000
"1225",2021-05-16,86000
"1226",2021-05-17,81000
"1227",2021-05-18,151000
"1228",2021-05-19,99000
"1229",2021-05-20,113000
"1230",2021-05-21,59000
"1231",2021-05-22,51000
"1232",2021-05-23,56000
"1233",2021-05-24,89000
"1234",2021-05-25,112000
"1235",2021-05-26,83000
"1236",2021-05-27,132000
"1237",2021-05-28,110000
"1238",2021-05-29,64000
"1239",2021-05-30,122000
"1240",2021-05-31,254000
"1241",2021-06-01,112000
"1242",2021-06-02,101000
"1243",2021-06-03,65000
"1244",2021-06-04,46000
"1245",2021-06-05,40000
"1246",2021-06-06,74000
"1247",2021-06-07,46000
"1248",2021-06-08,52000
"1249",2021-06-09,118000
"1250",2021-06-10,74000
"1251",2021-06-11,51000
"1252",2021-06-12,46000
"1253",2021-06-13,51000
"1254",2021-06-14,103000
"1255",2021-06-15,68000
"1256",2021-06-16,57000
"1257",2021-06-17,40000
"1258",2021-06-18,26000
"1259",2021-06-19,30000
"1260",2021-06-20,46000
"1261",2021-06-21,30000
"1262",2021-06-22,63000
"1263",2021-06-23,64000
"1264",2021-06-24,56000
"1265",2021-06-25,58000
"1266",2021-06-26,99000
"1267",2021-06-27,243000
"1268",2021-06-28,152000
"1269",2021-06-29,116000
"1270",2021-06-30,68000
"1271",2021-07-01,56000
"1272",2021-07-02,44000
"1273",2021-07-03,65000
"1274",2021-07-04,28000
"1275",2021-07-05,22000
"1276",2021-07-06,61000
"1277",2021-07-07,34000
"1278",2021-07-08,28000
"1279",2021-07-09,42000
"1280",2021-07-10,32000
"1281",2021-07-11,40000
"1282",2021-07-12,35000
"1283",2021-07-13,31000
"1284",2021-07-14,46000
"1285",2021-07-15,29000
"1286",2021-07-16,27000
"1287",2021-07-17,19000
"1288",2021-07-18,25000
"1289",2021-07-19,59000
"1290",2021-07-20,15000
"1291",2021-07-21,54000
"1292",2021-07-22,62000
"1293",2021-07-23,49000
"1294",2021-07-24,48000
"1295",2021-07-25,29000
"1296",2021-07-26,34000
"1297",2021-07-27,27000
"1298",2021-07-28,76000
"1299",2021-07-29,35000
"1300",2021-07-30,48000
"1301",2021-07-31,77000
"1302",2021-08-01,43000
"1303",2021-08-02,26000
"1304",2021-08-03,19000
"1305",2021-08-04,48000
"1306",2021-08-05,115000
"1307",2021-08-06,59000
"1308",2021-08-07,53000
"1309",2021-08-08,62000
"1310",2021-08-09,65000
"1311",2021-08-10,91000
"1312",2021-08-11,86000
"1313",2021-08-12,38000
"1314",2021-08-13,60000
"1315",2021-08-14,58000
"1316",2021-08-15,32000
"1317",2021-08-16,66000
"1318",2021-08-17,42000
"1319",2021-08-18,39000
"1320",2021-08-19,34000
"1321",2021-08-20,38000
"1322",2021-08-21,95000
"1323",2021-08-22,62000
"1324",2021-08-23,57000
"1325",2021-08-24,36000
"1326",2021-08-25,75000
"1327",2021-08-26,45000
"1328",2021-08-27,87000
"1329",2021-08-28,58000
"1330",2021-08-29,50000
"1331",2021-08-30,39000
"1332",2021-08-31,31000
"1333",2021-09-01,55000
"1334",2021-09-02,58000
"1335",2021-09-03,46000
"1336",2021-09-04,44000
"1337",2021-09-05,23000
"1338",2021-09-06,25000
"1339",2021-09-07,44000
"1340",2021-09-08,23000
"1341",2021-09-09,26000
"1342",2021-09-10,30000
"1343",2021-09-11,44000
"1344",2021-09-12,26000
"1345",2021-09-13,27000
"1346",2021-09-14,59000
"1347",2021-09-15,48000
"1348",2021-09-16,NA
"1349",2021-09-17,61000
"1350",2021-09-18,51000
"1351",2021-09-19,37000
"1352",2021-09-20,34000
"1353",2021-09-21,40000
"1354",2021-09-22,51000
"1355",2021-09-23,47000
"1356",2021-09-24,33000
"1357",2021-09-25,21000
"1358",2021-09-26,27000
"1359",2021-09-27,28000
"1360",2021-09-28,32000
"1361",2021-09-29,75000
"1362",2021-09-30,47000
"1363",2021-10-01,88000
"1364",2021-10-02,44000
